<?xml version="1.0" encoding="UTF-8" ?>
<!DOCTYPE mapper PUBLIC "-//mybatis.org//DTD Mapper 3.0//EN" "http://mybatis.org/dtd/mybatis-3-mapper.dtd">
<mapper namespace="com.tuandai.transaction.repository.TransactionStateRepository">

    <resultMap id="transactionMessageResultMap" type="com.tuandai.transaction.domain.TransactionState">
        <result column="worker_id" property="workerId" jdbcType="INTEGER"/>
        <result column="transaction_id" property="transactionId" jdbcType="INTEGER"/>
        <result column="service_name" property="serviceName" jdbcType="VARCHAR"/>
        <result column="create_time" property="createTime" jdbcType="DATE"/>
        <result column="update_time" property="createTime" jdbcType="DATE"/>
        <result column="message_topic" property="messageTopic" jdbcType="VARCHAR"/>
        <result column="message_state" property="messageState" jdbcType="TINYINT"/>
        <result column="message_send_threshold" property="messageSendThreshold" jdbcType="TINYINT"/>
        <result column="message_send_times" property="messageSendTimes" jdbcType="TINYINT"/>
        <result column="message_next_send_time" property="messageNextSendTime" jdbcType="DATE"/>
        <result column="presend_back_url" property="presendBackUrl" jdbcType="VARCHAR"/>
        <result column="presend_back_method" property="presendBackMethod" jdbcType="VARCHAR"/>
        <result column="presend_back_threshold" property="presendBackThreshold" jdbcType="TINYINT"/>
        <result column="presend_back_send_times" property="presendBackSendTimes" jdbcType="TINYINT"/>
        <result column="presend_back_next_send_time" property="presendBackNextSendTime" jdbcType="DATE"/>
    </resultMap>

    <sql id="transaction_state_column">
        `transaction_id`,               `worker_id`,                    `service_name`,               `message_topic`,
        `message_state`,                `message_send_threshold`,       `message_send_times`,         `message_next_send_time`,
        `presend_back_url`,             `presend_back_method`,          `presend_back_threshold`,     `presend_back_send_times`,
        `presend_back_next_send_time`,  `update_time`,                  `create_time`
    </sql>

    <update id="createIfNotExistsTable">
        CREATE TABLE IF NOT EXISTS `t_transaction_state`(
        `transaction_id`  int NOT NULL AUTO_INCREMENT ,
        `worker_id`  int NOT NULL ,
        `service_name`  varchar(10) NULL ,
        `message_topic`  varchar(255) NULL ,
        `message_state`  tinyint UNSIGNED NOT NULL ,
        `message_send_threshold`  tinyint NULL ,
        `message_send_times`  tinyint NULL ,
        `message_next_send_time`  datetime NOT NULL DEFAULT "1970-01-01 08:00:00" ,
        `presend_back_url`  varchar(1024) NULL ,
        `presend_back_method`  varchar(10) NULL ,
        `presend_back_threshold`  tinyint NULL ,
        `presend_back_send_times`  tinyint NULL ,
        `presend_back_next_send_time`  datetime NOT NULL DEFAULT "1970-01-01 08:00:00" ,
        `update_time`  datetime NOT NULL ,
        `create_time`  datetime NOT NULL ,
        PRIMARY KEY (`transaction_id`)
        );
    </update>

    <insert id="insertBatch" parameterType="java.util.List" keyProperty="transactionId" useGeneratedKeys="true">
        INSERT INTO t_transaction_state (
        `worker_id`,
        `service_name`,
        `message_topic`,
        `message_state`,
        `message_send_threshold`,
        `message_send_times`,
        `message_next_send_time`,
        `presend_back_url`,
        `presend_back_method`,
        `presend_back_threshold`,
        `presend_back_send_times`,
        `presend_back_next_send_time`,
        `update_time`,
        `create_time`
        ) VALUES
        <foreach collection="list" separator=" , " open="(" close=")" item="transactionState">
            #{transactionState.workerId},
            #{transactionState.serviceName},
            #{transactionState.messageTopic},
            #{transactionState.messageState},
            #{transactionState.messageSendThreshold},
            #{transactionState.messageSendTimes},
            #{transactionState.messageNextSendTime},
            #{transactionState.presendBackUrl},
            #{transactionState.presendBackMethod},
            #{transactionState.presendBackThreshold},
            #{transactionState.presendBackSendTimes},
            #{transactionState.presendBackNextSendTime},
            #{transactionState.updateTime},
            #{transactionState.createTime}
        </foreach>
    </insert>

    <update id="update" parameterType="com.tuandai.transaction.domain.TransactionState">
        update
        t_transaction_state as t_ts
        <set>
            update_time = #{updateTime},
            <if test="serviceName != null"> t_ts.service_name = #{serviceName},</if>
            <if test="messageTopic != null">t_ts.message_topic  = #{messageTopic},</if>
            <if test="messageState != null"> t_ts.message_state  = #{messageState},</if>
            <if test="messageSendThreshold != null">t_ts.message_send_threshold  = #{messageSendThreshold},</if>
            <if test="messageSendTimes != null">t_ts.message_send_times  = #{messageSendTimes},</if>
            <if test="messageNextSendTime != null"> t_ts.message_next_send_time  = #{messageNextSendTime},</if>
            <if test="presendBackUrl != null">t_ts.presend_back_url  = #{presendBackUrl},</if>
            <if test="presendBackMethod != null">t_ts.presend_back_method  = #{presendBackMethod},</if>
            <if test="presendBackThreshold != null">t_ts.presend_back_threshold = #{presendBackThreshold},</if>
            <if test="presendBackSendTimes != null">t_ts.presend_back_send_times  = #{presendBackSendTimes},</if>
            <if test="presendBackNextSendTime != null">t_ts.presend_back_next_send_time  = #{presendBackNextSendTime},</if>
        </set>
        WHERE
        t_ts.transaction_id = #{transactionId};
    </update>

    <update id="truncateTable">
        TRUNCATE TABLE t_transaction_state;
    </update>

    <delete id="deleteBatch" parameterType="java.util.List">
        DELETE FROM t_transaction_state
        WHERE
        transaction_id in
        <foreach collection="list" open="(" close=")" separator=" , " item="transactionId">
            #{transactionId}
        </foreach>
    </delete>

    <update id="dropTable">
        DROP TABLE IF EXISTS t_transaction_state;
    </update>

    <select id="messageStateCount" parameterType="Integer" resultType="Integer">
        select count(transaction_id) as count from t_transaction_state where message_state = #{messageState}
    </select>

    <select id="findTransactionStateListByFilter" resultMap="transactionMessageResultMap">
        SELECT
        <include refid="transaction_state_column"/>
        FROM
        t_transaction_state as t_ts
        <where>
            <if test="filter != null">
                <if test="filter.messageState != null">
                    AND t_ts.message_state = #{filter.messageState}
                </if>
                <if test="filter.endPresendBackNextSendTime != null">
                    <![CDATA[AND t_ts.presend_back_next_send_time <= #{filter.endPresendBackNextSendTime}]]>
                </if>
                <if test="filter.endMessageNextSendTime != null">
                    <![CDATA[AND t_ts.message_next_send_time <= #{filter.endMessageNextSendTime}]]>
                </if>
                <if test="filter.transactionIds != null and filter.transactionIds.size() > 0">
                    AND t_ts.transaction_id in
                    <foreach collection="filter.transactionIds" separator=" , " open="(" close=")" item="transactionId">
                        #{transactionId}
                    </foreach>
                </if>
            </if>
        </where>
        <include refid="com.tuandai.CommonMapper.limiter"/>
    </select>

</mapper>