<?xml version="1.0" encoding="UTF-8" ?>
<!DOCTYPE mapper PUBLIC "-//mybatis.org//DTD Mapper 3.0//EN" "http://mybatis.org/dtd/mybatis-3-mapper.dtd">
<mapper namespace="com.tuandai.transaction.repository.TransactionMessageRepository">

	<resultMap id="transactionMessageResultMap" type="com.tuandai.transaction.domain.TransactionMessage">
		<result column="transaction_id" property="transactionId" jdbcType="INTEGER"/>
		<result column="worker_id" property="workerId" jdbcType="INTEGER"/>
		<result column="service_name" property="serviceName" jdbcType="VARCHAR"/>
		<result column="create_time" property="createTime" jdbcType="DATE"/>
		<result column="update_time" property="updateTime" jdbcType="DATE"/>
		<result column="message_type" property="messageType" jdbcType="TINYINT"/>
		<result column="message_topic" property="messageTopic" jdbcType="VARCHAR"/>
		<result column="message" property="message" jdbcType="VARCHAR"/>
		<result column="presend_back_url" property="presendBackUrl" jdbcType="VARCHAR"/>
	</resultMap>

	<sql id="transaction_message_column">
		`transaction_id`,			`worker_id`,			`service_name`,				`message_type`,
		`message_topic`,			`message`,				`presend_back_url`,			`update_time`,
		`create_time`
	</sql>

	<update id="createIfNotExistsTable">
		CREATE TABLE IF NOT EXISTS `t_transaction_message`(
		`transaction_id`  int NOT NULL ,
		`worker_id`  int NOT NULL ,
		`service_name`  varchar(10) NULL ,
		`message_type`  tinyint UNSIGNED NOT NULL ,
		`message_topic`  varchar(50) NULL ,
		`message`  text NULL ,
		`presend_back_url`  varchar(1024) NULL ,
		`update_time`  datetime NOT NULL ,
		`create_time`  datetime NOT NULL ,
		PRIMARY KEY (`transaction_id`)
		);
	</update>

	<update id="truncateTable">
		TRUNCATE TABLE t_transaction_message;
	</update>

	<update id="dropTable">
		DROP TABLE IF EXISTS t_transaction_message;
	</update>

	<insert id="insert" parameterType="com.tuandai.transaction.domain.TransactionMessage">
		INSERT INTO t_transaction_message (
		transaction_id,
		worker_id,
		service_name,
		create_time,
		update_time,
		message_type,
		message_topic,
		message,
		presend_back_url
		)
		VALUES (
		#{transactionId},
		#{workerId},
		#{serviceName},
		#{createTime},
		#{updateTime},
		#{messageType},
		#{messageTopic},
		#{message},
		#{presendBackUrl}
		);
	</insert>

	<delete id="delete">
		DELETE FROM t_transaction_message WHERE transaction_id = #{transaction_id,jdbcType=BIGINT}
	</delete>

	<select id="findTransactionMessageListByFilter" resultMap="transactionMessageResultMap">
		SELECT
		<include refid="transaction_message_column"/>
		FROM
		t_transaction_message t_tm
		<where>
			<if test="filter != null">
				<if test="filter.transactionIds != null and filter.transactionIds.size() > 0">
					AND t_tm.transaction_id in
					<foreach collection="filter.transactionIds" open="(" close=")" item="transactionId" separator=" , ">
						#{transactionId}
					</foreach>
				</if>
			</if>
		</where>
	</select>




	<select id="findByMessageState"  resultType="com.tuandai.transaction.domain.TransactionMessage">
		SELECT
		transaction_id as transactionId ,
		service_name as serviceName,
		create_time as createTime,
		message_type as messageType,
		message_topic as messageTopic,
		message as message,
		message_state as messageState,
		message_send_threshold as messageSendThreshold,
		message_send_times as messageSendTimes,
		message_next_send_time as messageNextSendTime,
		presend_back_url as presendBackUrl,
		presend_back_method as presendBackMethod,
		presend_back_threshold as presendBackThreshold,
		presend_back_send_times as presendBackSendTimes,
		presend_back_next_send_time as presendBackNextSendTime,
		result_back_url as resultBackUrl,
		result_back_method as resultBackMethod,
		result_back_threshod  as resultBackThreshod,
		result_back_next_send_time  as resultBackNextSendTime,
		result as result,
		expect_result  as expectResult,
		over as over
		FROM
		t_transaction_message o
		WHERE
		o.message_state = #{messageState}
		LIMIT 1000
	</select>


	<select id="findForPresendBack"  resultType="com.tuandai.transaction.domain.TransactionMessage">
		SELECT
		transaction_id as transactionId ,
		service_name as serviceName,
		create_time as createTime,
		message_type as messageType,
		message_topic as messageTopic,
		message as message,
		message_state as messageState,
		message_send_threshold as messageSendThreshold,
		message_send_times as messageSendTimes,
		message_next_send_time as messageNextSendTime,
		presend_back_url as presendBackUrl,
		presend_back_method as presendBackMethod,
		presend_back_threshold as presendBackThreshold,
		presend_back_send_times as presendBackSendTimes,
		presend_back_next_send_time as presendBackNextSendTime,
		result_back_url as resultBackUrl,
		result_back_method as resultBackMethod,
		result_back_threshod  as resultBackThreshod,
		result_back_next_send_time  as resultBackNextSendTime,
		result as result,
		expect_result  as expectResult,
		over as over
		FROM
		t_transaction_message o
		WHERE
		o.presend_back_next_send_time &lt;= #{dt} and
		o.message_state = #{messageState}
		LIMIT 100
	</select>



	<select id="findForSendMQ"  resultType="com.tuandai.transaction.domain.TransactionMessage">
		SELECT
		transaction_id as transactionId ,
		service_name as serviceName,
		create_time as createTime,
		message_type as messageType,
		message_topic as messageTopic,
		message as message,
		message_state as messageState,
		message_send_threshold as messageSendThreshold,
		message_send_times as messageSendTimes,
		message_next_send_time as messageNextSendTime,
		presend_back_url as presendBackUrl,
		presend_back_method as presendBackMethod,
		presend_back_threshold as presendBackThreshold,
		presend_back_send_times as presendBackSendTimes,
		presend_back_next_send_time as presendBackNextSendTime,
		result_back_url as resultBackUrl,
		result_back_method as resultBackMethod,
		result_back_threshod  as resultBackThreshod,
		result_back_next_send_time  as resultBackNextSendTime,
		result as result,
		expect_result  as expectResult,
		over as over
		FROM
		t_transaction_message o
		WHERE
		o.message_next_send_time &lt;= #{dt} and
		o.message_state = #{messageState}
		LIMIT 1000
	</select>

	<select id="findForDoneBack"  resultType="com.tuandai.transaction.domain.TransactionMessage">
		SELECT
		transaction_id as transactionId ,
		service_name as serviceName,
		create_time as createTime,
		message_type as messageType,
		message_topic as messageTopic,
		message as message,
		message_state as messageState,
		message_send_threshold as messageSendThreshold,
		message_send_times as messageSendTimes,
		message_next_send_time as messageNextSendTime,
		presend_back_url as presendBackUrl,
		presend_back_method as presendBackMethod,
		presend_back_threshold as presendBackThreshold,
		presend_back_send_times as presendBackSendTimes,
		presend_back_next_send_time as presendBackNextSendTime,
		result_back_url as resultBackUrl,
		result_back_method as resultBackMethod,
		result_back_threshod  as resultBackThreshod,
		result_back_next_send_time  as resultBackNextSendTime,
		result as result,
		expect_result  as expectResult,
		over as over
		FROM
		t_transaction_message o
		WHERE
		o.result_back_next_send_time &lt;= #{dt} and
		o.message_state = #{messageState} and
		o.result_back_threshod &gt; 0 and
		o.over = 0
		LIMIT 1000
	</select>

	<select id="messageStateCount" parameterType="Integer" resultType="Integer">
        select count(transaction_id) as count from t_transaction_message where message_state = #{messageState}
    </select>

</mapper>
