<?xml version="1.0" encoding="UTF-8"?>
<configuration>

	<!-- 文件输出格式 -->
	<property name="PATTERN" value="%-12(%d{yyyy-MM-dd HH:mm:ss.SSS}) |-%-5level [%thread] %c [%L] -| %msg%n" />
	<!-- test文件路径 -->
	<property name="TEST_FILE_PATH" value="/data/opt/logs/tmm/message-consumer" />
	<!-- pro文件路径 -->
	<property name="PRO_FILE_PATH" value="/data/opt/logs/tmm/message-consumer" />

	<!-- 开发环境 -->
	<springProfile name="dev">
		<appender name="CONSOLE" class="ch.qos.logback.core.ConsoleAppender">
			<encoder>
				<pattern>${PATTERN}</pattern>
			</encoder>
		</appender>
		
		<logger name="org.springframework.jdbc.core.JdbcTemplate" level="info"/>
		<logger name="org.springframework.data.mongodb.core.MongoTemplate" level="info"/>
		<logger name="org.apache.activemq.ActiveMQSession" level="info"/>

		<root level="info">
			<appender-ref ref="CONSOLE" />
		</root>
	</springProfile>

	<!-- 测试环境 -->
	<springProfile name="test">
		<!-- 每天产生一个文件 -->
		<appender name="TEST-FILE" class="ch.qos.logback.core.rolling.RollingFileAppender">
			<!-- 文件路径 -->
			<file>${TEST_FILE_PATH}/running.log</file>
			<rollingPolicy class="ch.qos.logback.core.rolling.TimeBasedRollingPolicy">
				<!-- 文件名称 -->
				<fileNamePattern>${TEST_FILE_PATH}/running.%d{yyyy-MM-dd}.log</fileNamePattern>
				<!-- 文件最大保存历史数量 -->
				<MaxHistory>100</MaxHistory>
			</rollingPolicy>
			
			<layout class="ch.qos.logback.classic.PatternLayout">
				<pattern>${PATTERN}</pattern>
			</layout>
		</appender>
		
		<root level="info">
			<appender-ref ref="TEST-FILE" />
		</root>
	</springProfile>

	<!-- 生产环境 -->
	<springProfile name="prod">
		<appender name="PROD_FILE" class="ch.qos.logback.core.rolling.RollingFileAppender">
			<file>${PRO_FILE_PATH}/running.log</file>
			<rollingPolicy class="ch.qos.logback.core.rolling.TimeBasedRollingPolicy">
				<fileNamePattern>${PRO_FILE_PATH}/running.%d{yyyy-MM-dd}.log</fileNamePattern>
				<MaxHistory>100</MaxHistory>
			</rollingPolicy>
			<layout class="ch.qos.logback.classic.PatternLayout">
				<pattern>${PATTERN}</pattern>
			</layout>
		</appender>
		
		<root level="error">
			<appender-ref ref="PROD_FILE" />
		</root>
	</springProfile>
</configuration>
