<?xml version="1.0" encoding="UTF-8"?>
<configuration>

	<!-- 文件输出格式 -->
	<property name="PATTERN"
		value="%-12(%d{yyyy-MM-dd HH:mm:ss.SSS}) [%thread] %c [%L]  %n %-10level %msg%n" />
	<!-- test文件路径 -->
	<property name="TEST_FILE_PATH" value="/opt/tuandai/logs/tmm/manage/running.log" />
	<!-- pro文件路径 -->
	<property name="PRO_FILE_PATH" value="/opt/tuandai/logs/tmm/manage/${PID}/" />
	<property name="PRO_FILE_INFO" value="${PRO_FILE_PATH}/info.log" />
	<property name="PRO_FILE_ERROR" value="${PRO_FILE_PATH}/error.log" />

	<!-- 开发环境 -->
	<springProfile name="dev">
		<appender name="CONSOLE" class="ch.qos.logback.core.ConsoleAppender">
			<encoder>
				<pattern>${PATTERN}</pattern>
			</encoder>
		</appender>

		<logger name="com.tuandai" level="debug" />
		<logger name="org.springframework.web.client" level="debug" />


		<root level="info">
			<appender-ref ref="CONSOLE" />
		</root>
	</springProfile>

	<!-- 测试环境 -->
	<springProfile name="test">
		<appender name="CONSOLE" class="ch.qos.logback.core.ConsoleAppender">
			<encoder>
				<pattern>${PATTERN}</pattern>
			</encoder>
		</appender>

		<logger name="com.tuandai.architecture" level="debug" />
		<logger name="org.springframework.web.client" level="debug" />


		<root level="info">
			<appender-ref ref="CONSOLE" />
		</root>
	</springProfile>

	<!-- 生产环境 -->
	<springProfile name="prd">
		<appender name="INFO_FILE"
			class="ch.qos.logback.core.rolling.RollingFileAppender">
			<file>${PRO_FILE_INFO}</file>
			<rollingPolicy class="ch.qos.logback.core.rolling.TimeBasedRollingPolicy">
				<fileNamePattern>${PRO_FILE_PATH}/info.%d{yyyy-MM-dd}.%i.log
				</fileNamePattern>
				<MaxHistory>300</MaxHistory>

				<timeBasedFileNamingAndTriggeringPolicy
					class="ch.qos.logback.core.rolling.SizeAndTimeBasedFNATP">
					<maxFileSize>500MB</maxFileSize>
				</timeBasedFileNamingAndTriggeringPolicy>
			</rollingPolicy>

			<encoder>
				<pattern>${PATTERN}</pattern>
				<charset>UTF-8</charset>
			</encoder>
			
			<filter class="ch.qos.logback.classic.filter.LevelFilter">
				<level>INFO</level>
				<onMatch>ACCEPT</onMatch>
				<onMismatch>DENY</onMismatch>
			</filter>
		</appender>
		
		<appender name="ERROR_FILE"
			class="ch.qos.logback.core.rolling.RollingFileAppender">
			<file>${PRO_FILE_ERROR}</file>
			<rollingPolicy class="ch.qos.logback.core.rolling.TimeBasedRollingPolicy">
				<fileNamePattern>${PRO_FILE_PATH}/error.%d{yyyy-MM-dd}.%i.log
				</fileNamePattern>
				<MaxHistory>300</MaxHistory>

				<timeBasedFileNamingAndTriggeringPolicy
					class="ch.qos.logback.core.rolling.SizeAndTimeBasedFNATP">
					<maxFileSize>500MB</maxFileSize>
				</timeBasedFileNamingAndTriggeringPolicy>
			</rollingPolicy>

			<encoder>
				<pattern>${PATTERN}</pattern>
				<charset>UTF-8</charset>
			</encoder>
			
			<filter class="ch.qos.logback.classic.filter.LevelFilter">
				<level>ERROR</level>
				<onMatch>ACCEPT</onMatch>
				<onMismatch>DENY</onMismatch>
			</filter>
		</appender>

		<logger name="com.tuandai" level="info" />

		<root level="error">
			<appender-ref ref="INFO_FILE" />
			<appender-ref ref="ERROR_FILE" />
		</root>
	</springProfile>
</configuration>
