<?xml version="1.0" encoding="UTF-8"?>
<configuration>

	<!-- 文件输出格式 -->
	<property name="PATTERN" value="%-12(%d{yyyy-MM-dd HH:mm:ss.SSS}) |-%-5level [%thread] %c [%L] -| %msg%n" />
	<!-- test文件路径 -->
	<property name="TEST_FILE_PATH" value="/data/opt/logs/tcc/point/running.log" />
	<!-- pro文件路径 -->
	<property name="PRO_FILE_PATH" value="/data/opt/logs/tcc/point/running.log" />

	<!-- 开发环境 -->
	<springProfile name="dev">
		<appender name="CONSOLE" class="ch.qos.logback.core.ConsoleAppender">
			<encoder>
				<pattern>${PATTERN}</pattern>
			</encoder>
		</appender>
		
		<logger name="com.tuandai.architecture" level="debug"/>
		<logger name="org.springframework.web.client" level="debug"/>

		<root level="info">
			<appender-ref ref="CONSOLE" />
		</root>
	</springProfile>

	<!-- 测试环境 -->
	<springProfile name="test">
		<appender name="PROD_FILE" class="ch.qos.logback.core.rolling.RollingFileAppender">
			<file>${PRO_FILE_PATH}</file>
			<rollingPolicy class="ch.qos.logback.core.rolling.TimeBasedRollingPolicy">
				<fileNamePattern>${PRO_FILE_PATH}/running.%d{yyyy-MM-dd}.log</fileNamePattern>
				<MaxHistory>100</MaxHistory>
			</rollingPolicy>
			<layout class="ch.qos.logback.classic.PatternLayout">
				<pattern>${PATTERN}</pattern>
			</layout>
		</appender>
		
		<root level="info">
			<appender-ref ref="PROD_FILE" />
		</root>
	</springProfile>

	<!-- 生产环境 -->
	<springProfile name="prd">
		<appender name="PROD_FILE" class="ch.qos.logback.core.rolling.RollingFileAppender">
			<file>${PRO_FILE_PATH}</file>
			<rollingPolicy class="ch.qos.logback.core.rolling.TimeBasedRollingPolicy">
				<fileNamePattern>${PRO_FILE_PATH}/running.%d{yyyy-MM-dd}.log</fileNamePattern>
				<MaxHistory>100</MaxHistory>
			</rollingPolicy>
			<layout class="ch.qos.logback.classic.PatternLayout">
				<pattern>${PATTERN}</pattern>
			</layout>
		</appender>
		
		<root level="warn">
			<appender-ref ref="PROD_FILE" />
		</root>
	</springProfile>
</configuration>
