{"properties": [
  {
    "name": "sharding.jdbc.datasource.names",
    "type": "java.lang.String",
    "description": "A description for 'sharding.jdbc.datasource.names'"
  },
  {
    "name": "presend.back.thresholds",
    "type": "java.lang.String",
    "description": "A description for 'presend.back.thresholds'"
  },
  {
    "name": "result.back.thresholds",
    "type": "java.lang.String",
    "description": "A description for 'result.back.thresholds'"
  },
  {
    "name": "send.thresholds",
    "type": "java.lang.String",
    "description": "A description for 'send.thresholds'"
  }
]}