<?xml version="1.0" encoding="UTF-8" ?>
<!DOCTYPE mapper PUBLIC "-//mybatis.org//DTD Mapper 3.0//EN" "http://mybatis.org/dtd/mybatis-3-mapper.dtd">
<mapper namespace="com.tuandai.architecture.repository.UserPointTryRepository">
    <resultMap id="baseResultMap" type="com.tuandai.architecture.domain.UserPointTry">
        <result column="uid" property="uid" jdbcType="VARCHAR"/>
        <result column="name" property="name" jdbcType="VARCHAR"/>
        <result column="point" property="point" jdbcType="INTEGER"/>
        <result column="create_time" property="createTime" javaType="java.sql.Date" jdbcType="TIMESTAMP"/>
    </resultMap>

    <update id="createIfNotExistsTable">
        CREATE TABLE IF NOT EXISTS t_user_point_try (
         uid VARCHAR(100) , 
         name VARCHAR(1024),
         point INT,
         create_time TIMESTAMP,
		 PRIMARY KEY (uid));
    </update>

    <update id="truncateTable">
        TRUNCATE TABLE t_user_point_try;
    </update>
    
    <update id="dropTable">
        DROP TABLE IF EXISTS t_user_point_try;
    </update>
    
    <insert id="insert" useGeneratedKeys="true" keyProperty="uid">
        INSERT INTO t_user_point_try (
          uid, name, point, create_time
        )
        VALUES (
        #{uid,jdbcType=VARCHAR},
        #{name,jdbcType=VARCHAR},
        #{point,jdbcType=INTEGER},
        #{createTime,jdbcType=TIMESTAMP}
        )
    </insert>
    
    <delete id="delete">
        DELETE FROM t_user_point_try WHERE uid = #{uid,jdbcType=VARCHAR}
    </delete>
    
    <insert id="tryPoint">
        INSERT INTO t_user_point_try (
          uid, name, point, create_time
        )
        VALUES (
        #{uid,jdbcType=VARCHAR},
        #{name,jdbcType=VARCHAR},
        #{point,jdbcType=INTEGER},
        #{createTime,jdbcType=TIMESTAMP}
        )
    </insert>
        
    <update id="cancelPoint">
        DELETE FROM t_user_point_try WHERE uid = #{uid,jdbcType=VARCHAR}
    </update>
    
    <select id="getById" resultMap="baseResultMap">
        SELECT  uid, name, point, create_time 
        FROM t_user_point_try WHERE uid = #{uid,jdbcType=VARCHAR}
    </select>
</mapper>
