<?xml version="1.0" encoding="UTF-8" ?>
<!DOCTYPE configuration
        PUBLIC "-//mybatis.org//DTD Config 3.0//EN"
        "http://mybatis.org/dtd/mybatis-3-config.dtd">
<configuration>
    <!--<settings>-->
        <!--<setting name="logImpl" value="STDOUT_LOGGING" />-->
    <!--</settings>-->
    <typeAliases>
        <package name="com.tuandai.architecture.domain"/>
    </typeAliases>
    <mappers>
        <mapper resource="mapper/mappers/UserPointMapper.xml"/>
        <mapper resource="mapper/mappers/UserPointTryMapper.xml"/>
    </mappers>
</configuration>
