<?xml version="1.0" encoding="UTF-8" ?>
<!DOCTYPE mapper PUBLIC "-//mybatis.org//DTD Mapper 3.0//EN" "http://mybatis.org/dtd/mybatis-3-mapper.dtd">
<mapper namespace="com.tdw.transaction.repository.OptLogRepository">
    <resultMap id="baseResultMap" type="com.tdw.transaction.domain.OptLog">
        <result column="opt_id" property="optId" jdbcType="INTEGER"/>
        <result column="transaction_id" property="transactionId" jdbcType="INTEGER"/>
        <result column="message_type" property="messageType" jdbcType="INTEGER"/>
        <result column="begin_state" property="beginState" jdbcType="INTEGER"/>
        <result column="end_state" property="endState" jdbcType="INTEGER"/>
        <result column="option_log" property="optionLog" jdbcType="VARCHAR"/>
        <result column="option_method" property="optionMethod" jdbcType="VARCHAR"/>
        <result column="option_time" property="optionTime" javaType="java.sql.Date" jdbcType="TIMESTAMP"/>
    </resultMap>

    <update id="createIfNotExistsTable">
        CREATE TABLE IF NOT EXISTS t_opt_log (
         opt_id BIGINT AUTO_INCREMENT, 
         transaction_id BIGINT, 
         message_type BIGINT,
         begin_state INT NOT NULL,
         end_state INT NOT NULL,
         option_log VARCHAR(1024),
         option_method VARCHAR(20),
         option_time TIMESTAMP,
		 PRIMARY KEY (opt_id));
    </update>

    <update id="truncateTable">
        TRUNCATE TABLE t_opt_log;
    </update>
    
    <update id="dropTable">
        DROP TABLE IF EXISTS t_opt_log;
    </update>
    
    <insert id="save" useGeneratedKeys="true" keyProperty="optId">
        INSERT INTO t_opt_log (
          transaction_id, message_type, begin_state, end_state, option_log, option_method, option_time
        )
        VALUES (
        #{transactionId,jdbcType=INTEGER},
        #{messageType,jdbcType=INTEGER},
        #{beginState,jdbcType=INTEGER},
        #{endState,jdbcType=INTEGER},
        #{optionLog,jdbcType=VARCHAR},
        #{optionMethod,jdbcType=VARCHAR},
        #{optionTime,jdbcType=TIMESTAMP}
        )
    </insert>
    
    <delete id="delete">
        DELETE FROM t_opt_log WHERE transaction_id = #{transactionId,jdbcType=INTEGER}
    </delete>
    
    <select id="selectAll" resultMap="baseResultMap">
        SELECT
        i.*
        FROM
        t_transaction_message o, t_opt_log i
        WHERE
        o.transaction_id = i.transaction_id
    </select>
</mapper>
