<?xml version="1.0" encoding="UTF-8" ?>
<!DOCTYPE mapper PUBLIC "-//mybatis.org//DTD Mapper 3.0//EN" "http://mybatis.org/dtd/mybatis-3-mapper.dtd">
<mapper namespace="com.tdw.transaction.repository.TransactionMessageRepository">
    <resultMap id="TransactionMessageResultMap" type="com.tdw.transaction.domain.TransactionMessage">
        <result column="transaction_id" property="transactionId" jdbcType="INTEGER"/>
        <result column="service_name" property="serviceName" jdbcType="VARCHAR"/>
        <result column="create_time" property="createTime" jdbcType="TIMESTAMP"/>
        <result column="message_type" property="messageType" jdbcType="INTEGER"/>
        <result column="message_topic" property="messageTopic" jdbcType="VARCHAR"/>
        <result column="message" property="message" jdbcType="VARCHAR"/>
        <result column="message_state" property="messageState" jdbcType="INTEGER"/>
        <result column="message_send_threshold" property="messageSendThreshold" jdbcType="INTEGER"/>
        <result column="message_send_times" property="messageSendTimes" jdbcType="INTEGER"/>
        <result column="message_next_send_time" property="messageNextSendTime" jdbcType="TIMESTAMP"/>
        
        <result column="presend_back_url" property="presendBackUrl" jdbcType="VARCHAR"/>
        <result column="presend_back_method" property="presendBackMethod" jdbcType="VARCHAR"/>
        <result column="presend_back_threshold" property="presendBackThreshold" jdbcType="INTEGER"/>
        <result column="presend_back_send_times" property="presendBackSendTimes" jdbcType="INTEGER"/>
        <result column="presend_back_next_send_time" property="presendBackNextSendTime" jdbcType="TIMESTAMP"/>
        
        <result column="result_back_url" property="resultBackUrl" jdbcType="VARCHAR"/>
        <result column="result_back_method" property="resultBackMethod" jdbcType="VARCHAR"/>
        <result column="result_back_threshod" property="resultBackThreshod" jdbcType="INTEGER"/>
        <result column="result_back_next_send_time" property="resultBackNextSendTime" jdbcType="TIMESTAMP"/>
        
        <result column="result" property="result" jdbcType="VARCHAR"/>
        <result column="expect_result" property="expectResult" jdbcType="VARCHAR"/>
        <result column="over" property="over" jdbcType="BOOLEAN"/>
        
    </resultMap>
	<update id="createIfNotExistsTable">
		CREATE TABLE IF NOT EXISTS t_transaction_message (
		transaction_id BIGINT AUTO_INCREMENT,
		service_name VARCHAR(10),
		create_time TIMESTAMP,
		message_type INT  NOT NULL,
		message_topic VARCHAR(50),
		message TEXT,
		message_state INT ,
		message_send_threshold INT ,
		message_send_times INT ,
		message_next_send_time TIMESTAMP,
		presend_back_url VARCHAR(1024),
		presend_back_method VARCHAR(10),
		presend_back_threshold INT ,
		presend_back_send_times INT,
		presend_back_next_send_time TIMESTAMP,
		result_back_url VARCHAR(1024),
		result_back_method VARCHAR(10),
		result_back_threshod INT ,
		result_back_next_send_time TIMESTAMP,
		result VARCHAR(10),
		expect_result VARCHAR(10),
		over BOOLEAN,
		PRIMARY KEY (transaction_id));
	</update>


	<update id="truncateTable">
		TRUNCATE TABLE t_transaction_message;
	</update>

	<update id="dropTable">
		DROP TABLE IF EXISTS t_transaction_message;
	</update>
       
	<insert id="insert" useGeneratedKeys="true" keyProperty="transactionId">
		INSERT INTO t_transaction_message (
		service_name,
		create_time,
		message_type,
		message_topic,
		message,
		message_state,
		message_send_threshold,
		message_send_times,
		message_next_send_time,
		presend_back_url,
		presend_back_method,
		presend_back_threshold,
		presend_back_send_times,
		presend_back_next_send_time,
		result_back_url,
		result_back_method,
		result_back_threshod , 
		result_back_next_send_time , 
		result,
		expect_result,
		over
		)
		VALUES (
		#{serviceName,jdbcType=VARCHAR},
		#{createTime,jdbcType=TIMESTAMP},
		#{messageType,jdbcType=INTEGER},
		#{messageTopic,jdbcType=VARCHAR},
		#{message,jdbcType=VARCHAR},
		#{messageState,jdbcType=INTEGER},
		#{messageSendThreshold,jdbcType=INTEGER},
		#{messageSendTimes,jdbcType=INTEGER},
		#{messageNextSendTime,jdbcType=TIMESTAMP},
		#{presendBackUrl,jdbcType=VARCHAR},
		#{presendBackMethod,jdbcType=VARCHAR},
		#{presendBackThreshold,jdbcType=INTEGER},
		#{presendBackSendTimes,jdbcType=INTEGER},
		#{presendBackNextSendTime,jdbcType=TIMESTAMP},
		#{resultBackUrl,jdbcType=VARCHAR},
		#{resultBackMethod,jdbcType=VARCHAR},
		#{resultBackThreshod,jdbcType=INTEGER},
		#{resultBackNextSendTime,jdbcType=TIMESTAMP},
		#{result,jdbcType=VARCHAR},
		#{expectResult,jdbcType=VARCHAR},
		#{over,jdbcType=BOOLEAN}
		)
	</insert>

       

	<insert id="update" useGeneratedKeys="true" keyProperty="transactionId">
	    update t_transaction_message 
	    set create_time = #{createTime},
	    message_topic = #{messageTopic},
	    message = #{message},
	    message_state = #{messageState},
	    message_send_threshold = #{messageSendThreshold},
	    message_send_times = #{messageSendTimes},
	    message_next_send_time = #{messageNextSendTime},
	    presend_back_url = #{presendBackUrl},
	    presend_back_method = #{presendBackMethod},
	    presend_back_threshold = #{presendBackThreshold},
	    presend_back_send_times = #{presendBackSendTimes},
	    presend_back_next_send_time = #{presendBackNextSendTime},
	    result_back_url = #{resultBackUrl},
	    result_back_method = #{resultBackMethod},
	    result_back_threshod = #{resultBackThreshod},
	    result_back_next_send_time = #{resultBackNextSendTime},
	    result = #{result},
	    expect_result = #{expectResult},
	    over = #{over}
	    where  message_type = #{messageType} 
	    and transaction_id = #{transactionId}
	</insert>


	<delete id="delete">
		DELETE FROM t_transaction_message WHERE transaction_id = #{transaction_id,jdbcType=BIGINT}
	</delete>
	
	
    <select id="findByTransactionId" parameterType="long" resultMap="TransactionMessageResultMap">
        SELECT
        transaction_id,
        service_name,
		create_time,
		message_type,
		message_topic,
		message,
		message_state,
		message_send_threshold,
		message_send_times,
		message_next_send_time,
		presend_back_url,
		presend_back_method,
		presend_back_threshold,
		presend_back_send_times,
		presend_back_next_send_time,
		result_back_url,
		result_back_method,
		result_back_threshod , 
		result_back_next_send_time , 
		result,
		expect_result,
		over
        FROM
        t_transaction_message o
        WHERE o.transaction_id = #{transactionId}
    </select>
    
    
    <select id="findByMessageState"  resultType="com.tdw.transaction.domain.TransactionMessage">
        SELECT
        transaction_id as transactionId , 
        service_name as serviceName,
		create_time as createTime,
		message_type as messageType,
		message_topic as messageTopic,
		message as message,
		message_state as messageState,
		message_send_threshold as messageSendThreshold,
		message_send_times as messageSendTimes,
		message_next_send_time as messageNextSendTime,
		presend_back_url as presendBackUrl,
		presend_back_method as presendBackMethod,
		presend_back_threshold as presendBackThreshold,
		presend_back_send_times as presendBackSendTimes,
		presend_back_next_send_time as presendBackNextSendTime,
		result_back_url as resultBackUrl,
		result_back_method as resultBackMethod,
		result_back_threshod  as resultBackThreshod, 
		result_back_next_send_time  as resultBackNextSendTime, 
		result as result,
		expect_result  as expectResult,
		over as over
        FROM
        t_transaction_message o
        WHERE
        o.message_state = #{messageState}
        LIMIT 1000
    </select>
    
    
    <select id="findForPresendBack"  resultType="com.tdw.transaction.domain.TransactionMessage">
        SELECT
        transaction_id as transactionId , 
        service_name as serviceName,
		create_time as createTime,
		message_type as messageType,
		message_topic as messageTopic,
		message as message,
		message_state as messageState,
		message_send_threshold as messageSendThreshold,
		message_send_times as messageSendTimes,
		message_next_send_time as messageNextSendTime,
		presend_back_url as presendBackUrl,
		presend_back_method as presendBackMethod,
		presend_back_threshold as presendBackThreshold,
		presend_back_send_times as presendBackSendTimes,
		presend_back_next_send_time as presendBackNextSendTime,
		result_back_url as resultBackUrl,
		result_back_method as resultBackMethod,
		result_back_threshod  as resultBackThreshod, 
		result_back_next_send_time  as resultBackNextSendTime, 
		result as result,
		expect_result  as expectResult,
		over as over
        FROM
        t_transaction_message o
        WHERE
        o.presend_back_next_send_time &lt;= #{dt} and 
        o.message_state = #{messageState}
        LIMIT 1000
    </select>
    
    
    
    <select id="findForSendMQ"  resultType="com.tdw.transaction.domain.TransactionMessage">
        SELECT
        transaction_id as transactionId , 
        service_name as serviceName,
		create_time as createTime,
		message_type as messageType,
		message_topic as messageTopic,
		message as message,
		message_state as messageState,
		message_send_threshold as messageSendThreshold,
		message_send_times as messageSendTimes,
		message_next_send_time as messageNextSendTime,
		presend_back_url as presendBackUrl,
		presend_back_method as presendBackMethod,
		presend_back_threshold as presendBackThreshold,
		presend_back_send_times as presendBackSendTimes,
		presend_back_next_send_time as presendBackNextSendTime,
		result_back_url as resultBackUrl,
		result_back_method as resultBackMethod,
		result_back_threshod  as resultBackThreshod, 
		result_back_next_send_time  as resultBackNextSendTime, 
		result as result,
		expect_result  as expectResult,
		over as over
        FROM
        t_transaction_message o
        WHERE
        o.message_next_send_time &lt;= #{dt} and 
        o.message_state = #{messageState}
        LIMIT 1000
    </select>
    
    <select id="findForDoneBack"  resultType="com.tdw.transaction.domain.TransactionMessage">
        SELECT
        transaction_id as transactionId , 
        service_name as serviceName,
		create_time as createTime,
		message_type as messageType,
		message_topic as messageTopic,
		message as message,
		message_state as messageState,
		message_send_threshold as messageSendThreshold,
		message_send_times as messageSendTimes,
		message_next_send_time as messageNextSendTime,
		presend_back_url as presendBackUrl,
		presend_back_method as presendBackMethod,
		presend_back_threshold as presendBackThreshold,
		presend_back_send_times as presendBackSendTimes,
		presend_back_next_send_time as presendBackNextSendTime,
		result_back_url as resultBackUrl,
		result_back_method as resultBackMethod,
		result_back_threshod  as resultBackThreshod, 
		result_back_next_send_time  as resultBackNextSendTime, 
		result as result,
		expect_result  as expectResult,
		over as over
        FROM
        t_transaction_message o
        WHERE
        o.result_back_next_send_time &lt;= #{dt} and 
        o.message_state = #{messageState} and 
        o.result_back_threshod &gt; 0 and
        o.over = 0
        LIMIT 1000
    </select>
    
    
	
    <select id="messageStateCount" parameterType="int" resultType="int">
        select count(transaction_id) as count from t_transaction_message where message_state = #{messageState}
    </select>
    
</mapper>
